,customer_id,probability of churn,prediction of churn
6463,9143-CANJF,0.7307774023551081,0
1005,1452-XRSJV,0.7379739614778622,0
2969,4238-HFHSN,0.38508066347222303,1
697,1028-FFNJK,0.5359393325012534,0
846,1227-UDMZR,0.9814636686827585,0
5134,7228-PAQPD,0.9506515595554961,0
381,0565-IYCGT,0.9576786562258106,0
6069,8603-IJWDN,0.39381547682596085,1
1726,2516-XSJKX,0.9658229191197332,0
4417,6229-LSCKB,0.3803026390476716,1
646,0946-CLJTI,0.4178970431592871,1
6093,8630-QSGXK,0.9789099752401309,0
6102,8642-GVWRF,0.5086941956050057,0
5402,7611-YKYTC,0.49899503790941324,1
3192,4573-JKNAE,0.9845671433913198,0
5575,7853-OETYL,0.5819546997297411,0
454,0667-NSRGI,0.925633009692071,0
307,0455-ENTCR,0.9676282426130572,0
5771,8118-LSUEL,0.43343596281335794,1
985,1429-UYJSV,0.9473030547753035,0
6435,9110-HSGTV,0.9801108397847084,0
3850,5406-KGRMX,0.9752914488705282,0
6588,9365-CSLBQ,0.9752516300868221,0
487,0709-TVGUR,0.3703352342178886,1
499,0730-BGQGF,0.9813355771768176,0
5493,7730-IUTDZ,0.37158737878139814,1
3269,4672-FOTSD,0.7499714618710267,0
1251,1850-AKQEP,0.8161396933969007,0
4599,6481-OGDOO,0.8218280180271837,0
5335,7537-CBQUZ,0.5695374379920621,0
1203,1768-ZAIFU,0.5742028602285163,0
2815,4003-OCTMP,0.9224169582672083,0
4318,6088-BXMRG,0.41819830208182707,1
4213,5949-EBSQK,0.8282995150959742,0
102,0181-RITDD,0.9128872386816873,0
567,0835-JKADZ,0.9149009988233974,0
2664,3785-NRHYR,0.8152709752395058,0
4755,6693-FRIRW,0.5530732728204392,0
4428,6242-SGYTS,0.8270256859885139,0
934,1353-LJWEM,0.7400134808015504,0
3559,5044-XDPYX,0.9754797369001227,0
4730,6661-EIPZC,0.7874905343666903,0
5738,8073-IJDCM,0.8160777472055785,0
1086,1580-BMCMR,0.3951958499030478,1
6163,8731-WBBMB,0.8509973753933562,0
4676,6598-RFFVI,0.9679785393775469,0
5646,7963-SHNDT,0.9533174374170508,0
725,1069-XAIEM,0.39076498983309405,1
1635,2378-VTKDH,0.42928485556073226,1
2135,3067-SVMTC,0.9493973909305428,0
2774,3948-KXDUF,0.9777821855402097,0
4341,6124-ACRHJ,0.8153952719202116,0
2508,3585-ISXZP,0.5415174625697121,0
6837,9710-ZUSHQ,0.5641660958289789,0
1212,1785-BPHTP,0.3915514056379241,1
3858,5429-LWCMV,0.39885197931599614,1
2205,3161-GETRM,0.5300196394231869,0
4626,6519-ZHPXP,0.9465304823542541,0
1352,2012-NWRPA,0.4196049806798381,1
1334,1984-GPTEH,0.82201142687043,0
2201,3154-HMWUU,0.9847107347813034,0
3084,4422-QVIJA,0.6236314406177825,0
5360,7569-NMZYQ,0.9507321132083472,0
6251,8847-GEOOQ,0.8268269506053102,0
3970,5590-ZSKRV,0.63231003789939,0
2839,4043-MKDTV,0.9109644760964392,0
2599,3714-NTNFO,0.38968459486688756,1
5609,7901-HXJVA,0.3740001899463733,1
6517,9249-FXSCK,0.8958142555034514,0
6781,9625-RZFUK,0.974308017640161,0
2811,4000-VGMQP,0.9352213511257028,0
1466,2165-VOEGB,0.8910598465995637,0
75,0122-OAHPZ,0.36898871852828474,1
2189,3137-LUPIX,0.7455337793963169,0
64,0107-YHINA,0.4200071299776056,1
1751,2558-BUOZZ,0.8268484698864513,0
5868,8249-THVEC,0.9471792856730524,0
6283,8885-QSQBX,0.735572429785299,0
551,0813-TAXXS,0.9679163925534721,0
2628,3737-XBQDD,0.5193142190458238,0
5488,7722-VJRQD,0.9763394400041042,0
1366,2027-OAQQC,0.7347687935355519,0
2142,3071-VBYPO,0.40023835005022834,1
4093,5787-KXGIY,0.9845608702656719,0
6305,8919-FYFQZ,0.5845632869305613,0
3034,4342-HENTK,0.36285943086028427,1
929,1347-KTTTA,0.8888364494939902,0
4857,6848-HJTXY,0.9845796821168312,0
4257,5996-EBTKM,0.9779874945665192,0
558,0822-QGCXA,0.7747795592343156,0
5503,7748-UMTRK,0.5355286733411551,0
679,0999-QXNSA,0.6150682383938155,0
2705,3847-BAERP,0.8168200348522485,0
1673,2439-LYPMQ,0.4257490573736058,1
611,0895-UADGO,0.95527936900622,0
5193,7306-YDSOI,0.9629520796106441,0
575,0843-WTBXE,0.5205505528992594,0
714,1051-GEJLJ,0.8150844088705137,0
370,0547-HURJB,0.8828015912266618,0
4019,5666-MBJPT,0.9852720619760239,0
5506,7753-USQYQ,0.9225350329111859,0
1771,2587-YNLES,0.9743905471508956,0
6071,8606-CIQUL,0.9495590225203937,0
909,1323-OOEPC,0.5471483342854104,0
4469,6302-JGYRJ,0.931066833763523,0
561,0825-CPPQH,0.9845357526544639,0
265,0396-HUJBP,0.8148354271530309,0
5790,8150-QUDFX,0.8155195038915618,0
5260,7409-KIUTL,0.36352769628949355,1
2013,2904-GGUAZ,0.9021368619582621,0
1649,2397-BRLOM,0.5102415173571395,0
2413,3452-SRFEG,0.49816950980167907,1
5108,7180-PISOG,0.37023898734335614,1
4180,5909-ECHUI,0.6353755473785245,0
671,0980-FEXWF,0.8710932804358495,0
5263,7410-YTJIK,0.37206943343101717,1
4169,5895-QSXOD,0.36171506581879176,1
717,1057-FOGLZ,0.8152709752395058,0
620,0909-SDHNU,0.5834602232393882,0
6898,9796-BPKIW,0.4885746472585194,1
3229,4627-MIHJH,0.9473393751909471,0
7022,9964-WBQDJ,0.9851879708851781,0
2681,3806-DXQOM,0.5911635259327281,0
6060,8590-YFFQO,0.9770903786041456,0
4049,5702-KVQRD,0.9669227274602001,0
4241,5982-FPVQN,0.4107855928119617,1
1416,2085-BOJKI,0.8290241174473266,0
2980,4273-MBHYA,0.39924792084830696,1
6678,9495-REDIY,0.9132221135455341,0
4155,5876-HZVZM,0.7456420444551234,0
7025,9968-FFVVH,0.9542755075103178,0
5706,8040-MNRTF,0.3637187262017456,1
1002,1452-KIOVK,0.5280656115025495,0
2674,3797-VTIDR,0.5706669612693107,0
6505,9227-UAQFT,0.9743183479733071,0
6702,9518-RWHZL,0.8329659283850408,0
1525,2234-XADUH,0.8365527507726511,0
4406,6211-WWLTF,0.9129654209019673,0
4116,5821-MMEIL,0.9846359823982744,0
6193,8757-TFHHJ,0.7359736625512155,0
2510,3587-PMCOY,0.7454056568881992,0
2615,3724-BSCVH,0.9476112803029897,0
2965,4236-UJPWO,0.5727893900750346,0
2003,2889-FPWRM,0.900753976815196,0
6917,9820-RMCQV,0.7339635982511064,0
1475,2181-TIDSV,0.9846422254809094,0
2305,3301-LSLWQ,0.6539988515480893,0
5876,8262-COGGB,0.8162635372859656,0
6151,8714-CTZJW,0.5151914824701553,0
322,0480-KYJVA,0.9851698899319491,0
1977,2862-JVEOY,0.9470759351285493,0
4649,6559-PDZLR,0.530083103664934,0
1429,2107-FBPTK,0.4287792906821585,1
3762,5298-GSTLM,0.8345107859626973,0
6859,9746-MDMBK,0.8974971686904499,0
4115,5820-PTRYM,0.9541492677140833,0
6523,9254-RBFON,0.8856570575273116,0
3907,5498-IBWPI,0.9467564167672905,0
4470,6303-KFWSL,0.8755677606719146,0
5391,7602-DBTOU,0.9742873448352276,0
2593,3705-RHRFR,0.9126039622325706,0
5235,7375-WMVMT,0.9409231859714763,0
2429,3474-BAFSJ,0.9756725059772433,0
3457,4902-OHLSK,0.530083103664934,0
1612,2347-WKKAE,0.4092878264696779,1
5090,7153-CHRBV,0.9195943604565883,0
1760,2575-GFSOE,0.3597162031099914,1
2396,3424-NMNBO,0.7606775666096088,0
1858,2694-CIUMO,0.61912711527556,0
5894,8292-ITGYJ,0.9852180575677816,0
1694,2469-DTSGX,0.915157742061336,0
779,1135-HIORI,0.8361921972002937,0
4864,6856-RAURS,0.37100925045916955,1
2279,3258-SANFR,0.7277116343910819,0
6242,8822-KNBHV,0.9374358709693601,0
808,1177-XZBJL,0.9525710073809728,0
201,0318-QUUOB,0.38195774770323687,1
1144,1685-BQULA,0.5369024192119818,0
591,0869-PAPRP,0.5210656185931417,0
2870,4088-YLDSU,0.8277694419865766,0
5038,7083-MIOPC,0.9846796315674634,0
5977,8429-XIBUM,0.553175299778484,0
1225,1814-DKOLC,0.8223734866265945,0
1198,1764-VUUMT,0.9846422254809094,0
6274,8878-RYUKI,0.641473530076256,0
4071,5747-PMBSQ,0.5174198299177899,0
2262,3230-WYKIR,0.9588017653940055,0
1090,1587-FKLZB,0.5493973904723871,0
2329,3331-HQDTW,0.4403410937725173,1
547,0810-BDHAW,0.8949397663928658,0
2334,3340-QBBFM,0.9486787188865724,0
1922,2798-NYLMZ,0.946634838044234,0
5059,7112-OPOTK,0.3582914133219468,1
7007,9940-RHLFB,0.3717801700341854,1
108,0191-ZHSKZ,0.669975062728269,0
1622,2361-UPSND,0.9262274958282022,0
23,0030-FNXPP,0.8155195038915618,0
1950,2828-SLQPF,0.7282020903769248,0
971,1403-GYAFU,0.9846547041552774,0
2249,3212-KXOCR,0.984772754828671,0
5045,7096-UCLNH,0.8157677737391092,0
56,0096-FCPUF,0.6510039128589498,0
6788,9633-XQABV,0.3620963473001215,1
6436,9112-WSNPU,0.36266859502108983,1
6846,9725-SCPZG,0.4022216490681353,1
3509,4973-RLZVI,0.9563371177683184,0
795,1162-ECVII,0.9471330752557254,0
5062,7115-IRDHS,0.9852180575677816,0
3717,5229-DTFYB,0.9424194507915024,0
298,0440-EKDCF,0.9761863953717324,0
3437,4873-ILOLJ,0.401229595272088,1
3366,4800-VHZKI,0.815581595613796,0
586,0864-FVJNJ,0.8383293559211609,0
3331,4745-LSPLO,0.816325434985816,0
5280,7449-HVPIV,0.5307393157242459,0
590,0868-VJRDR,0.944726726348733,0
6842,9717-IOAAF,0.9853616377440778,0
2070,2979-SXESE,0.4092878264696779,1
6728,9554-DFKIC,0.743365097829271,0
911,1325-USMEC,0.9127355585356004,0
6096,8631-XVRZL,0.9474881949993206,0
2112,3030-YZADT,0.6135034303316544,0
1515,2226-ICFDO,0.9806585097383648,0
4274,6022-KOUQO,0.7868681836915068,0
6568,9337-SRRNI,0.9852960015073142,0
3197,4581-SSPWD,0.3727447375151801,1
1215,1792-UXAFY,0.39885197931599614,1
5708,8042-JVNFH,0.36419648894613,1
2310,3308-MHOOC,0.8147108391794669,0
4692,6617-WLBQC,0.8110040663088942,0
3937,5542-NKVRU,0.9847417758282776,0
6697,9512-PHSMG,0.8163873165239541,0
730,1077-HUUJM,0.36362320586890085,1
648,0947-IDHRQ,0.38147066466087387,1
6300,8910-LEDAG,0.49187551291130827,1
4128,5839-SUYVZ,0.6093469960052408,0
6000,8466-PZBLH,0.9449633415930794,0
4438,6257-RJOHI,0.7236539841813454,0
6547,9297-FVVDH,0.9674337382321022,0
5541,7801-KICAO,0.36956554825729737,1
5171,7273-TEFQD,0.6060390273839705,0
1115,1627-AFWVJ,0.9742459506288854,0
5956,8398-TBIYD,0.9357679489040155,0
3710,5220-AGAAX,0.985139706689258,0
6530,9272-LSVYH,0.361905684826093,1
324,0484-FFVBJ,0.9278020505956042,0
5438,7657-DYEPJ,0.9547593391159015,0
6293,8903-XEBGX,0.6335567075664965,0
1842,2675-OTVVJ,0.39944594105057707,1
3280,4686-GEFRM,0.9423746367489826,0
3466,4911-BANWH,0.522816500440832,0
2254,3221-CJMSG,0.8158049981775273,0
2691,3814-MLAXC,0.6197109477615345,0
354,0519-XUZJU,0.36305030991507226,1
1012,1460-UZPRJ,0.9743596288786506,0
2909,4139-SUGLD,0.7955274114683348,0
2578,3683-QKIUE,0.8154325545946411,0
5401,7610-TVOPG,0.8234562009825126,0
5784,8146-QQKZH,0.9800140540223522,0
6784,9629-NHXFW,0.8149599503806937,0
4545,6407-UTSLV,0.5171500746283185,0
6131,8681-ICONS,0.8165110311193337,0
1819,2656-TABEH,0.4209123535689737,1
1462,2159-TURXX,0.881944765659879,0
6017,8499-BRXTD,0.9474676542428846,0
6331,8966-OIQHG,0.9683474992327916,0
6806,9661-ACXBS,0.4310048740604019,1
3367,4801-JZAZL,0.5830589012696104,0
1302,1934-MKPXS,0.9681826147266491,0
1433,2111-DWYHN,0.817066947075039,0
3470,4918-FYJNT,0.5131929536057014,0
5198,7315-WYOAW,0.534399113873155,0
5273,7435-ZNUYY,0.9476727206998709,0
6077,8614-VGMMV,0.6215947313814201,0
2203,3158-MOERK,0.4124850613208997,1
3511,4979-HPRFL,0.9851578238876578,0
6230,8809-RIHDD,0.8650511864385906,0
5527,7781-HVGMK,0.9771365316690509,0
6952,9862-KJTYK,0.6949368515973102,0
676,0991-BRRFB,0.6221770896183241,0
4211,5947-SGKCL,0.5613222317240674,0
6872,9763-PDTKK,0.6475841466192279,0
1796,2623-DRYAM,0.7498448240038591,0
2532,3627-FCRDW,0.36352769628949355,1
4966,6988-CJEYV,0.4178970431592871,1
3603,5117-IFGPS,0.3892919916739216,1
5549,7814-LEEVE,0.8821594793506147,0
5304,7493-TPUWZ,0.37923316458467815,1
3539,5018-HEKFO,0.8212249810418907,0
339,0505-SPOOW,0.9846234887372665,0
1613,2348-KCJLT,0.8810810209162819,0
6692,9506-UXUSK,0.361905684826093,1
5497,7740-BTPUX,0.9163993260794748,0
5773,8120-JDCAM,0.3607626245337906,1
1665,2428-ZMCTB,0.881686662021147,0
521,0757-WCUUZ,0.9639978597458472,0
1460,2155-AMQRX,0.8204723081882543,0
3593,5092-STPKP,0.8222287381676371,0
1314,1955-IBMMB,0.9846734034540711,0
451,0661-XEYAN,0.5754134425204898,0
4413,6221-AVQYL,0.4953834524205524,1
6262,8861-HGGKB,0.3935199021777189,1
6585,9361-YNQWJ,0.9692581443219971,0
2835,4030-VPZBD,0.6896274433765672,0
5144,7241-AJHFS,0.6347648571385585,0
3502,4958-GZWIY,0.6208177082187794,0
4989,7016-BPGEU,0.694499142916675,0
4177,5906-CVLHP,0.9486988117428039,0
5888,8277-RVRSV,0.9691965889934293,0
649,0947-MUGVO,0.36860437317697203,1
6590,9367-OIUXP,0.8165728641787005,0
5774,8123-QBNAZ,0.5595936202786911,0
3807,5356-CSVSQ,0.7458468820820947,0
2824,4013-TLDHQ,0.3774856481117951,1
2535,3629-ZNKXA,0.42413519550047973,1
4317,6087-YPWHO,0.9629022341414987,0
3102,4450-DLLMH,0.4913596986389349,1
3931,5536-RTPWK,0.5484775606895012,0
749,1094-BKOSX,0.9474183275406428,0
5364,7576-ASEJU,0.9563543502200006,0
997,1448-CYWKC,0.8387977697371141,0
5117,7197-VOJMM,0.977862745784277,0
3868,5442-XSDCW,0.5082815471118725,0
2524,3612-YUNGG,0.9469052640716409,0
3904,5494-HECPR,0.38137327661448495,1
4099,5795-BKOYE,0.9506515595554961,0
5177,7279-BUYWN,0.44726938752108614,1
615,0899-WZRSD,0.5438343712392295,0
4677,6599-CEBNN,0.4968280499113894,1
1132,1660-HSOOQ,0.6226621190792745,0
4916,6918-UMQCG,0.3812758981048894,1
2856,4077-CROMM,0.5414782371009184,0
6109,8648-PFRMP,0.6162402864193048,0
1246,1845-CSBRZ,0.5203445143266008,0
2671,3795-GWTRD,0.9789695445408748,0
6254,8849-PRIQJ,0.8338609003437015,0
3863,5440-VHLUL,0.8910598465995637,0
5999,8465-SBRXP,0.9406472511039693,0
4084,5766-ZJYBB,0.8149599503806937,0
634,0929-HYQEW,0.6236314406177825,0
2862,4080-IIARD,0.7635687083161518,0
4124,5832-XKAES,0.48826523772231245,1
5855,8229-MYEJZ,0.6256637892683767,0
5112,7184-LRUUR,0.9280229335307569,0
2136,3068-OMWZA,0.3981594000837366,1
1178,1731-TVIUK,0.5194808540648521,0
58,0100-DUVFC,0.75453803289844,0
1628,2369-UAPKZ,0.4287792906821585,1
6200,8774-GSBUN,0.975459983161014,0
3281,4686-UXDML,0.5501125805998379,0
6389,9053-JZFKV,0.9497366573941901,0
5650,7966-YOTQW,0.7434438349837265,0
5717,8050-XGRVL,0.9220137588327089,0
4579,6461-SZMCV,0.9809769062725996,0
3397,4824-GUCBY,0.38420137381680153,1
1876,2722-JMONI,0.622468136709017,0
4333,6115-ZTBFQ,0.9771917954961753,0
1523,2233-TXSIU,0.9156761207668858,0
927,1346-PJWTK,0.6471129965529709,0
4594,6479-SZPLM,0.9845796821168312,0
3667,5175-WLYXL,0.3786503083717613,1
3242,4636-TVXVG,0.9681444466495063,0
4486,6331-LWDTQ,0.7702374624007898,0
1229,1820-DJFPH,0.9851457481742375,0
3909,5499-ECUTN,0.9284628303226452,0
5442,7663-CUXZB,0.9164941455053575,0
5643,7956-XQWGU,0.881384923752133,0
2477,3545-CNWRG,0.41719434423731894,1
6543,9289-LBQVU,0.9259732534932349,0
2352,3372-CDXFJ,0.969282733089493,0
4826,6791-YBNAK,0.6952867650869908,0
4427,6242-MBHPK,0.41068568992886456,1
788,1150-FTQGN,0.8260788746167653,0
1465,2164-SOQXL,0.8157677737391092,0
2872,4091-TVOCN,0.9351212534856276,0
6207,8779-QRDMV,0.6030786601365201,0
990,1436-ZMJAN,0.7638206903807219,0
2144,3077-RSNTJ,0.8153331316690404,0
4658,6575-SUVOI,0.8375456584028348,0
736,1086-LXKFY,0.3599063627037645,1
4990,7016-NVRIC,0.8212228130412299,0
2709,3858-VOBET,0.371105579574899,1
3718,5229-PRWKT,0.39371694329580587,1
3615,5129-JLPIS,0.5441415507871115,0
3364,4797-MIWUM,0.8821165636977721,0
2605,3717-LNXKW,0.5334112564724068,0
1825,2662-NNTDK,0.969356385180261,0
247,0376-OIWME,0.40769206303259753,1
2464,3524-WQDSG,0.5489886185393895,0
3449,4890-VMUAV,0.926733570988144,0
6245,8835-VSDSE,0.36295486498887686,1
94,0156-FVPTA,0.7292316490360261,0
2349,3365-SAIGS,0.38782101145816605,1
3295,4702-HDRKD,0.9467356058568621,0
6185,8750-QWZAJ,0.9846234887372665,0
5936,8372-JUXUI,0.3699503086036936,1
6800,9648-BCHKM,0.9852180575677816,0
4304,6064-ZATLR,0.960865481515179,0
4132,5844-QVTAT,0.8784174369186909,0
4946,6967-PEJLL,0.9071372504880681,0
6470,9158-VCTQB,0.6828584893936571,0
3475,4923-ADWXJ,0.833346678360601,0
112,0196-VULGZ,0.3893901290369606,1
4975,6996-KNSML,0.37100925045916955,1
860,1248-DYXUB,0.9753411345467379,0
5975,8417-GSODA,0.8237538894191363,0
1421,2091-MJTFX,0.8159290166632402,0
6059,8590-OHDIW,0.9475497717582088,0
1848,2683-BPJSO,0.3895864306405795,1
5955,8397-MVTAZ,0.42061055296751826,1
3101,4446-BZKHU,0.43171360356229205,1
2726,3878-AVSOQ,0.3640053516576629,1
4146,5859-HZYLF,0.9845420358255025,0
1297,1929-ZCBHE,0.9072067695695408,0
4850,6838-HVLXG,0.8160777472055785,0
5742,8080-DDEMJ,0.6137970115451529,0
1777,2599-CIPQE,0.946946753096666,0
1981,2866-IKBTM,0.815146613841261,0
214,0329-GTIAJ,0.5285405465537489,0
1917,2792-LSHWX,0.4986459667273174,1
48,0082-LDZUE,0.6122302937453223,0
917,1335-HQMKX,0.7492249057944842,0
6894,9793-WECQC,0.41108534557892895,1
6763,9602-WCXPI,0.968195327587706,0
2381,3410-MHHUM,0.7382916145502649,0
4310,6078-VESFR,0.4896060742806102,1
2940,4193-IBKSW,0.9852300753788487,0
62,0106-UGRDO,0.9179047502782701,0
1202,1768-HNVGJ,0.7542807587229552,0
197,0311-QYWSS,0.6222741151108915,0
2460,3521-SYVOR,0.6514726659457637,0
6836,9710-NJERN,0.9744008451721293,0
1469,2171-UDMFD,0.8814280699569244,0
6409,9074-KGVOX,0.719039581456534,0
1572,2284-VFLKH,0.8861993391807585,0
3296,4702-IOQDC,0.3618103698859708,1
6053,8577-QSOCG,0.9744111391610926,0
6958,9867-XOBQA,0.958216206800346,0
5606,7893-IXHRQ,0.8163873165239541,0
2099,3009-JWMPU,0.7420226748752038,0
657,0961-ZWLVI,0.8432129964678688,0
6446,9127-QRZMH,0.9509412138986816,0
6028,8535-SFUTN,0.4335373285854027,1
5195,7311-MQJCH,0.9472412044970668,0
6545,9294-TDIPC,0.8159538063241012,0
1387,2055-BFOCC,0.9594490356466252,0
3834,5385-SUIRI,0.42898149885797154,1
1983,2868-LLSKM,0.8725515910126155,0
695,1025-FALIX,0.48671832965775796,1
4381,6175-IRFIT,0.3784561007242013,1
2686,3810-DVDQQ,0.9502855175546924,0
3305,4710-NKCAW,0.8317353845567261,0
4162,5884-GCYMI,0.3604771052257496,1
4320,6094-ZIVKX,0.9218354938575071,0
5852,8225-BTJAU,0.37942752756386,1
502,0732-OCQOC,0.9852660710967303,0
6013,8495-PRWFH,0.6342272525339958,0
5778,8129-GMVGI,0.9743802450958996,0
1226,1814-WFGVS,0.9567886637750882,0
5389,7601-GNDYK,0.9742873448352276,0
2042,2937-FTHUR,0.6515663814278569,0
621,0909-SELIE,0.9798435675884791,0
1345,2001-MCUUW,0.9132149294734623,0
5510,7760-OYPDY,0.3821526474361292,1
4028,5680-LQOGP,0.9801108397847084,0
5095,7159-FVYPK,0.7658252684105561,0
6954,9866-OCCKE,0.9139319252748426,0
3416,4837-QUSFT,0.8869464891840064,0
6536,9281-CEDRU,0.9769327766504107,0
4482,6326-MTTXK,0.4222208365789025,1
147,0244-LGNFY,0.9816876117608889,0
3299,4706-AXVKM,0.5192111803376696,0
6606,9391-DXGGG,0.8200684952334176,0
3779,5317-FLPJF,0.9764156020010839,0
1835,2672-TGEFF,0.3981594000837366,1
735,1085-LDWAM,0.9682461299223949,0
3379,4815-GBTCD,0.5741019379965782,0
3045,4360-QRAVE,0.5971354241864232,0
1395,2065-MMKGR,0.9311299310096404,0
6012,8495-LJDFO,0.6744874811534567,0
6839,9714-EDSUC,0.5223651587122138,0
1991,2877-VDUER,0.9076229036782666,0
1170,1724-IQWNM,0.8148354271530309,0
4082,5766-FTRTS,0.9674207311945809,0
2943,4194-WHFCB,0.6518114971475542,0
6533,9277-JOOMO,0.8213461494111567,0
464,0679-IDSTG,0.3601916845598716,1
4291,6047-SUHPR,0.8796026850151523,0
2548,3644-QXEHN,0.4144871070908033,1
1709,2485-ITVKB,0.5940534196871372,0
7002,9938-EKRGF,0.7756426989227695,0
161,0263-FJTQO,0.9780938749591993,0
4805,6754-WKSHP,0.9694909700803082,0
1463,2160-GPFXD,0.9772193784655228,0
2067,2974-GGUXS,0.5339248763194853,0
1065,1552-TKMXS,0.8822023814663053,0
1118,1635-FJFCC,0.7266470817083512,0
4231,5968-XQIVE,0.7307257605801741,0
4937,6954-OOYZZ,0.7271387362198845,0
4793,6734-JDTTV,0.9846297368173825,0
3638,5149-CUZUJ,0.8808046495248933,0
3927,5527-ACHSO,0.7549686338580144,0
5052,7105-BENQF,0.8839482792959859,0
2158,3091-FYHKI,0.5947500134460433,0
856,1241-EZFMJ,0.9853139309966663,0
6222,8800-JOOCF,0.38880143953161606,1
6203,8775-LHDJH,0.4017255215647133,1
5548,7813-ZGGAW,0.6517178123523995,0
5655,7971-HLVXI,0.9024643464418018,0
3231,4628-WQCQQ,0.7232711530426787,0
3329,4742-DRORA,0.82755647361966,0
2336,3345-PBBFH,0.735572429785299,0
6980,9907-SWKKF,0.5739000750187974,0
1508,2212-LYASK,0.9165642368119188,0
435,0637-UBJRP,0.38880143953161606,1
3446,4884-LEVMQ,0.9847045191157376,0
149,0248-IPDFW,0.6235345528488818,0
5368,7579-KKLOE,0.9691443504342475,0
756,1099-BTKWT,0.8748012445153253,0
5009,7036-ZZKBD,0.8340334447208277,0
652,0956-ACVZC,0.8260195632729506,0
5701,8034-RYTVV,0.8140222120887589,0
1785,2607-FBDFF,0.8131856558903978,0
5908,8316-BBQAY,0.9761479835569824,0
127,0220-EBGCE,0.39233838489454276,1
4130,5842-POCOP,0.39835723839647275,1
3895,5480-TBGPH,0.5489886185393895,0
7,0014-BMAQU,0.9357431345180143,0
5753,8095-WANWK,0.61409051003026,0
6445,9127-FHJBZ,0.916651960687318,0
1636,2378-YIZKA,0.980517081079115,0
492,0723-DRCLG,0.37014275077845304,1
5346,7551-JOHTI,0.8150844088705137,0
1676,2446-PLQVO,0.3621916948214975,1
6058,8587-XYZSF,0.9742728652839427,0
4606,6496-SLWHQ,0.4306000124394207,1
2386,3413-DHLPB,0.6649928419128629,0
6214,8782-NUUOL,0.9308280237258129,0
6332,8966-SNIZF,0.9845796821168312,0
6473,9168-INPSZ,0.5413757536245911,0
5209,7326-RIGQZ,0.3612387087959229,1
3132,4489-SNOJF,0.7576313188167938,0
6544,9290-SHCMB,0.41418661837893156,1
6216,8785-CJSHH,0.42010768392194275,1
3009,4307-KTUMW,0.40829024813413883,1
5125,7209-JCUDS,0.4102861521311685,1
2620,3727-OWVYD,0.8808212840591478,0
1336,1986-PHGZF,0.7495364366030399,0
2604,3717-FDJFU,0.974462548674035,0
3540,5018-LXQQG,0.8339191412935105,0
3378,4813-HQMGZ,0.5127804646235248,0
6354,8993-IZEUX,0.4869245700138176,1
6456,9137-UIYPG,0.5470069098522248,0
2814,4003-FUSHP,0.8284168903841388,0
3067,4391-LNRXK,0.6486196657390053,0
872,1265-HVPZB,0.9286545038583878,0
4839,6818-WOBHJ,0.5290941582741885,0
6138,8696-JKZNU,0.373613715274172,1
409,0607-MVMGC,0.9351212534856276,0
4364,6158-DWPZT,0.9017658758360041,0
6267,8869-TORSS,0.9511334202322342,0
3125,4482-FTFFX,0.7323984769692038,0
2416,3457-PQBYH,0.9846858571893616,0
4127,5837-LXSDN,0.9244130022287173,0
5474,7706-DZNKK,0.8822881450972351,0
1897,2754-VDLTR,0.410885503053138,1
3798,5339-TJFEK,0.4316123392993332,1
5684,8008-OTEZX,0.947282445627988,0
1162,1707-HABPF,0.8226726075875042,0
3206,4597-ELFTS,0.9494053204021988,0
4968,6992-TKNYO,0.9543474958913889,0
1195,1761-AEZZR,0.38001084846083244,1
5882,8267-KFGYD,0.8170052432453285,0
293,0431-APWVY,0.8212228130412299,0
1107,1619-YWUBB,0.9852540821358562,0
3438,4877-EVATK,0.8157057305365355,0
2638,3750-YHRYO,0.947693185699624,0
1895,2753-JMMCV,0.9787388660881532,0
6103,8644-XLFBW,0.36477015777936395,1
5342,7548-SEPYI,0.4129853041777989,1
1017,1469-LBJQJ,0.4310048740604019,1
4085,5774-QPLTF,0.947570282182544,0
5913,8327-LZKAS,0.8317343080707159,0
3257,4657-FWVFY,0.5429518397555322,0
925,1345-GKDZZ,0.815146613841261,0
4770,6713-OKOMC,0.5833599030949881,0
5305,7495-OOKFY,0.5106541045744505,0
6326,8958-JPTRR,0.949166863365182,0
4813,6770-XUAGN,0.8169435232656804,0
3070,4393-OBCRR,0.9475292537545287,0
4244,5985-BEHZK,0.8385743936555864,0
4097,5792-JALQC,0.9629815196232957,0
2517,3594-UVONA,0.9600707394939108,0
6116,8660-BUETV,0.6131118603538224,0
4114,5816-SCGFC,0.6258571165923801,0
305,0447-RXSGD,0.5497039256980536,0
3154,4525-VZCZG,0.829761049375018,0
4659,6576-FBXOJ,0.9166783479486218,0
6824,9693-XMUOB,0.6238251864846605,0
2020,2911-WDXMV,0.5104478127450844,0
5469,7695-PKLCZ,0.9847107347813034,0
6366,9025-AOMKI,0.5372102943974972,0
5355,7563-BIUPC,0.3820551928254553,1
76,0123-CRBRT,0.968357168200551,0
2026,2924-KHUVI,0.747982006660766,0
2764,3934-HXCFZ,0.4190019570410337,1
806,1173-XZPYF,0.3989509523215373,1
5616,7909-FIOIY,0.5734962752325885,0
6567,9334-GWGOW,0.37091293160063166,1
4298,6051-PTVNS,0.9679401345984395,0
4206,5939-XAIXZ,0.6350886175127916,0
5288,7469-LKBCI,0.9845168880547841,0
190,0306-JAELE,0.5248362406170759,0
4491,6339-RZCBJ,0.9795314404398866,0
2739,3896-ZVNET,0.9753212719732326,0
6018,8510-AWCXC,0.42212014502380135,1
5017,7054-DMVAS,0.964552400259077,0
6212,8780-YRMTT,0.9562737928372842,0
2502,3580-GICBM,0.9752217249631954,0
5311,7503-QQRVF,0.4975503700239945,1
505,0739-UUAJR,0.961159322624987,0
6558,9314-QDMDW,0.8808646075749993,0
2061,2968-SSGAA,0.4217174436179847,1
5766,8108-UXRQN,0.624406186233159,0
3875,5447-WZAFP,0.7475927640867134,0
544,0804-XBFBV,0.5742028602285163,0
1221,1810-BOHSY,0.8287313840065376,0
5540,7801-CEDNV,0.9183459586738941,0
564,0829-XXPLX,0.5286827687209179,0
4988,7014-ZZXAW,0.9851698899319491,0
1892,2748-MYRVK,0.8327935677579078,0
6497,9214-EKVXR,0.6116421737982001,0
2379,3407-JMJQQ,0.9188756211847202,0
4508,6353-BRMMA,0.5587796531258502,0
1949,2826-UWHIS,0.5122011727799288,0
4140,5850-BDWCY,0.8159538063241012,0
1156,1699-TLDLZ,0.974308017640161,0
3007,4304-TSPVK,0.9492218670328454,0
5726,8063-GBATB,0.3911581270738881,1
4013,5652-MSDEY,0.37264823503479605,1
4781,6728-CZFEI,0.8763749742974535,0
1348,2004-OCQXK,0.3846897750400028,1
4022,5671-RQRLP,0.895841652218603,0
5640,7951-VRDVK,0.9600390806603586,0
849,1229-RCALF,0.8401670013215246,0
4797,6741-EGCBI,0.5309449141758016,0
6706,9524-EGPJC,0.5124710864318193,0
1263,1866-RZZQS,0.4172947092785546,1
5856,8229-TNIQA,0.6141883244417019,0
6560,9318-NKNFC,0.8142742712825071,0
2916,4154-AQUGT,0.6374401306596951,0
1367,2027-WKXMW,0.5507884739523787,0
5747,8085-MSNLK,0.9166204193567946,0
1942,2817-NTQDO,0.8088203360328429,0
6756,9589-ABEPT,0.9020135197148474,0
5985,8441-SHIPE,0.9853318389489586,0
233,0362-RAOQO,0.9846047294918924,0
6777,9621-OUPYD,0.9682080355360441,0
5092,7156-MHUGY,0.40152712685007474,1
1331,1981-INRFU,0.38039992181068094,1
4178,5906-DVAPM,0.9564576086988036,0
5801,8166-ZZTFS,0.9686139527115818,0
248,0376-YMCJC,0.513502308580414,0
4047,5701-YVSVF,0.49761406286194554,1
3633,5144-TVGLP,0.4099865764196333,1
4718,6647-ZEDXT,0.8951962577591364,0
3038,4350-ZTLPI,0.8940287850943803,0
1057,1545-ACTAS,0.8325635325086642,0
2741,3898-GUYTS,0.5267916575732712,0
2580,3688-FTHLT,0.7566737137811517,0
2647,3761-FLYZI,0.568322670694021,0
4285,6034-ZRYCV,0.936370264214106,0
1722,2511-ALLCS,0.9851759193305158,0
587,0866-QLSIR,0.922652942924078,0
6111,8651-ENBZX,0.8299358976416584,0
3650,5159-YFPKQ,0.3727447375151801,1
5002,7029-IJEJK,0.944507261374822,0
5669,7993-PYKOF,0.371201918941251,1
4652,6563-VRERX,0.9476727206998709,0
3698,5204-QZXPU,0.6030786601365201,0
5262,7410-OIEDU,0.38059451614661644,1
6986,9917-KWRBE,0.9349206262514289,0
3700,5206-XZZQI,0.4928677027063394,1
6779,9625-QNLUX,0.9152660930425233,0
4163,5886-VLQVU,0.6389650573676013,0
5615,7908-QCBCA,0.3604771052257496,1
4923,6924-TDGMT,0.9476522481354809,0
3003,4299-OPXEJ,0.9845922108144352,0
59,0103-CSITQ,0.8943802254571734,0
2589,3703-TTEPD,0.7601525707280964,0
1406,2077-DDHJK,0.9781645158325192,0
6541,9286-BHDQG,0.9731531193738866,0
1988,2874-YXVVA,0.5433223313300859,0
5338,7541-YLXCL,0.9232400299494803,0
2629,3739-YBWAB,0.856538159350383,0
2737,3893-JRNFS,0.7197894621324085,0
4289,6038-GCYEC,0.7428923427425251,0
6770,9614-RMGHA,0.533719436950352,0
5920,8332-OSJDW,0.9499968378496144,0
6557,9314-IJWSQ,0.39027376771771016,1
2100,3011-WQKSZ,0.8157057305365355,0
2729,3884-UEBXB,0.9553389816905613,0
2243,3205-MXZRA,0.9507869328093763,0
2096,3005-TYFRD,0.5578635625232955,0
1163,1708-PBBOA,0.9167728796506966,0
1109,1622-HSHSF,0.815146613841261,0
4549,6413-XKKPU,0.3993469268359373,1
1504,2208-NQBCT,0.3846897750400028,1
703,1038-RQOST,0.8164491819014394,0
5455,7673-LPRNY,0.895056137853445,0
1247,1845-ZLLIG,0.6236314406177825,0
3404,4827-LTQRJ,0.8953123783473926,0
4618,6509-TSGWN,0.8235761819752134,0
916,1334-PDUKM,0.8167560563346138,0
4620,6513-EECDB,0.36841226299766994,1
6261,8859-YSTWS,0.9681444466495063,0
231,0357-NVCRI,0.881944765659879,0
4348,6131-IUNXN,0.8159538063241012,0
4286,6035-BXTTY,0.8201681090194628,0
2718,3866-MDTUB,0.6626332105027951,0
95,0164-APGRB,0.9172178525993337,0
1499,2207-OBZNX,0.6252770143268327,0
2884,4112-LUEIZ,0.3995449634848155,1
3799,5343-SGUBI,0.7150180773806312,0
2873,4092-OFQZS,0.947693185699624,0
6644,9445-ZUEQE,0.6300631291423415,0
5807,8174-TBVCF,0.9820039733156365,0
4681,6603-QWSPR,0.9448774102600288,0
6049,8570-KLJYJ,0.8748464454769925,0
940,1360-JYXKQ,0.8217444285047251,0
6653,9467-ROOLM,0.8145238358030145,0
3656,5168-MQQCA,0.893676314361529,0
5529,7785-RDVIG,0.8148354271530309,0
2654,3769-MHZNV,0.9743905471508956,0
212,0327-WFZSY,0.7471251476541851,0
5467,7693-QPEFS,0.49476436139864977,1
6664,9481-IEBZY,0.6816057081370184,0
4330,6110-OHIHY,0.37942752756386,1
6076,8612-GXIDD,0.9853079568944615,0
1634,2378-HTWFW,0.5319727474857339,0
7020,9961-JBNMK,0.5438735649363645,0
5008,7036-TYDEC,0.910123948380354,0
1952,2830-LEWOA,0.8900136917417526,0
3577,5067-WJEUN,0.961282410814673,0
6812,9670-BPNXF,0.9519706715483148,0
6811,9668-PUGNU,0.9752815000325122,0
6604,9388-ZEYVT,0.9098479493714968,0
3319,4726-DLWQN,0.7675971745952545,0
325,0484-JPBRU,0.8863415670921335,0
1342,2000-DHJUY,0.981620709067867,0
7033,9975-SKRNR,0.814336686703313,0
1865,2706-QZIHY,0.9754204291318934,0
3363,4797-AXPXK,0.7385814855645677,0
150,0248-PGHBZ,0.9395079404219365,0
4100,5795-KTGUD,0.9199764335905202,0
753,1097-FSPVW,0.7435225563158567,0
4476,6317-YPKDH,0.7029273429474179,0
2004,2890-WFBHU,0.9580949257350532,0
4179,5908-QMGOE,0.49734399167374155,1
2377,3402-XRIUO,0.7442002611517066,0
1087,1582-RAFML,0.7387408475238191,0
128,0221-NAUXK,0.9681444466495063,0
4205,5939-SXWHM,0.9854151253613002,0
17,0021-IKXGC,0.36563138132019224,1
1566,2277-AXSDC,0.9680934869947392,0
220,0336-PIKEI,0.9787731962195246,0
2373,3398-ZOUAA,0.3599063627037645,1
4483,6328-ZPBGN,0.5404924845799813,0
6694,9507-HSMMZ,0.9743699390056488,0
2883,4111-BNXIF,0.9602811084964302,0
870,1264-FUHCX,0.949555797063621,0
12,0018-NYROU,0.3596211398247682,1
509,0743-HNPFG,0.9546164922987884,0
3011,4310-KEDTB,0.5834602232393882,0
4925,6927-WTFIV,0.4913596986389349,1
5213,7336-RLLRH,0.9318049239976401,0
768,1116-FRYVH,0.9534275308487721,0
3022,4323-OHFOW,0.8913400075576527,0
5082,7138-GIRSH,0.9779162939338283,0
6708,9526-JAWYF,0.40013927028650975,1
4040,5696-JVVQY,0.9658825841004476,0
6509,9233-PSYHO,0.8330807565369409,0
264,0394-YONDK,0.9852780504557977,0
4343,6127-IYJOZ,0.6152636728909804,0
559,0823-HSCDJ,0.6216918154918804,0
7017,9957-YODKZ,0.3824450681296955,1
528,0774-RMNUW,0.9760998837804634,0
5186,7296-PIXQY,0.3620010106328977,1
5486,7721-JXEAW,0.7217002599280204,0
5791,8152-UOBNY,0.8308660107702963,0
26,0036-IHMOT,0.8898519655297814,0
2017,2908-ZTPNF,0.7947878559537838,0
2086,2990-OGYTD,0.9806976165525196,0
550,0812-WUPTB,0.3632412321350703,1
6176,8741-LQOBK,0.7116434072123186,0
3415,4837-PZTIC,0.9543354180867591,0
1394,2061-VVFST,0.8814712025778827,0
5982,8434-VGEQQ,0.9847169479601953,0
1380,2040-XBAVJ,0.9490425104606776,0
1382,2043-WVTQJ,0.6343230022812085,0
3247,4646-QZXTF,0.8503156826871724,0
1397,2068-WWXQZ,0.9846547041552774,0
239,0365-TRTPY,0.5323838053420863,0
1986,2869-ADAWR,0.5284770592971808,0
5319,7515-LODFU,0.9846858571893616,0
2847,4062-HBMOS,0.4266575526873111,1
2869,4086-YQSNZ,0.38166546933644274,1
6918,9821-BESNZ,0.8278871043401649,0
718,1060-ENTOF,0.8912200161251296,0
6424,9097-ZUBYC,0.8129347043251136,0
4740,6681-ZSEXG,0.9628783810564479,0
2139,3070-DVEYC,0.36879652503782057,1
5040,7088-FBAWU,0.669609894785274,0
3262,4662-EKDPQ,0.7551505315148016,0
738,1087-UDSIH,0.8152088026305858,0
4123,5832-TRLPB,0.9565777822229472,0
2499,3572-UOLYZ,0.6292931245774788,0
4894,6896-SRVYQ,0.36898871852828474,1
5623,7924-GJZFI,0.36028681381123895,1
2868,4086-WITJG,0.9846109850754897,0
5211,7328-ZJAJO,0.9845859477186365,0
1955,2832-SCUCO,0.815581595613796,0
1521,2232-DMLXU,0.6333650281024858,0
5924,8338-QIUNR,0.9773750676216242,0
2837,4039-HEUNW,0.4134857267383103,1
6546,9297-EONCV,0.9814936822949512,0
5662,7979-CORPM,0.5310477094668282,0
2163,3096-JRDSO,0.6660035907037936,0
2261,3230-JCNZS,0.9125051472718282,0
2887,4115-NZRKS,0.39885197931599614,1
6939,9842-EFSYY,0.6371905292043802,0
5835,8207-VVMYB,0.9853794883867361,0
1763,2578-JQPHZ,0.9429990630225819,0
3465,4910-GMJOT,0.4096870674843638,1
3572,5061-PBXFW,0.8282408035876315,0
1135,1666-JXLKU,0.42061055296751826,1
6755,9588-YRFHY,0.9846359823982744,0
3728,5243-SAOTC,0.5090036742311634,0
2317,3317-HRTNN,0.6149705072167494,0
103,0186-CAERR,0.8996414742770448,0
1913,2789-CZANW,0.9473599633192356,0
5927,8347-GDTMP,0.9845796821168312,0
6521,9253-QXKBE,0.4093876255325911,1
3343,4763-PGDPO,0.3623824224016221,1
6249,8844-TONUD,0.41378606612910884,1
1051,1536-HBSWP,0.7221657118795151,0
3899,5482-PLVPE,0.5724863480911228,0
457,0670-KDOMA,0.8160157848483282,0
4882,6877-LGWXO,0.3780678023910584,1
2696,3834-XUIFC,0.39105982949667806,1
2066,2972-YDYUW,0.8163614189920136,0
50,0083-PIVIK,0.9320144578802098,0
4467,6298-QDFNH,0.3796219292394247,1
3168,4546-FOKWR,0.4984790819143057,1
1318,1960-UYCNN,0.41098542064469434,1
6542,9286-DOJGF,0.49889184650400775,1
4782,6728-DKUCO,0.7535428413055751,0
755,1098-TDVUQ,0.881255403607358,0
3877,5449-FIBXJ,0.5396330059168972,0
3444,4883-KCPZJ,0.9852900202205119,0
3504,4959-JOSRX,0.7275480260346253,0
1973,2856-NNASM,0.3996439941312401,1
3817,5366-OBVMR,0.7228277748026497,0
2406,3445-HXXGF,0.6141883244417019,0
6906,9801-NOSHQ,0.9473442502459414,0
1456,2150-UWTFY,0.6446947161407723,0
1041,1508-DFXCU,0.38371320598329495,1
3833,5384-ZTTWP,0.8154573959940432,0
5126,7216-EWTRS,0.42212014502380135,1
5458,7677-SJJJK,0.968131714119912,0
3897,5481-NTDOH,0.8408521732194494,0
5751,8091-TTVAX,0.8333102234601599,0
3057,4374-YMUSQ,0.8996042007198612,0
3350,4778-IZARL,0.9472775651693551,0
1160,1704-NRWYE,0.3825425606249886,1
1559,2272-QAGFO,0.3698541030069088,1
1502,2208-MPXIO,0.9846484660662548,0
6224,8802-UNOJF,0.4994714985465367,1
2143,3074-GQWYX,0.500852489327981,0
6735,9565-DJPIB,0.39974303298243485,1
2978,4256-ZWTZI,0.7239840413544225,0
4553,6418-HNFED,0.9802391734596401,0
731,1078-TDCRN,0.5853649838343669,0
4754,6693-DJWTY,0.9225168235081631,0
4287,6035-RIIOM,0.9113114669821825,0
5412,7623-HKYRK,0.8153331316690404,0
5965,8404-VLQFB,0.822132177658216,0
722,1064-FBXNK,0.968118976668765,0
142,0235-KGSLC,0.5207565844810661,0
5674,7996-MHXLW,0.9852780504557977,0
2337,3346-BRMIS,0.6201373040375973,0
5354,7562-UXTPG,0.361905684826093,1
766,1114-CENIM,0.7442303359822096,0
3039,4351-QLCSU,0.7442303359822096,0
4967,6990-YNRIO,0.946676526484355,0
2113,3030-ZKIWL,0.8157677737391092,0
1657,2408-PSJVE,0.7415986068281273,0
4309,6077-BDPXA,0.361905684826093,1
341,0506-YLVKJ,0.9744111391610926,0
5647,7964-VEXDG,0.38156806223715944,1
5362,7571-YXDAD,0.49878865519300364,1
6341,8980-WQFWL,0.64648911946221,0
2765,3935-TBRZZ,0.9497216161133922,0
6881,9776-CLUJA,0.37603181071373626,1
4039,5696-EXCYS,0.9845796821168312,0
647,0946-FKYTX,0.851129717186067,0
4828,6797-LNAQX,0.9120426740390299,0
6831,9702-AIUJO,0.9158989511313304,0
2031,2927-QRRQV,0.7386901870700154,0
8,0015-UOCOJ,0.6198455574567898,0
189,0305-SQECB,0.9042107043690403,0
5763,8106-GWQOK,0.9761575921736494,0
1289,1919-RTPQD,0.6131118603538224,0
4738,6680-NENYN,0.8662034618943193,0
3054,4369-NYSCF,0.9567147356983307,0
5492,7730-CLDSV,0.9423522174501042,0
2037,2931-SVLTV,0.6765683887913814,0
2215,3170-NMYVV,0.9846671728482196,0
3778,5315-CKEQK,0.871694625915572,0
424,0621-TSSMU,0.9681444466495063,0
3031,4335-BSMJS,0.9853556827599278,0
3174,4550-EVXNY,0.3609530254574631,1
449,0661-KQHNK,0.9679016852861279,0
1020,1472-TNCWL,0.4098867326780541,1
3194,4578-PHJYZ,0.9251771140726627,0
3122,4480-MBMLB,0.838350767695514,0
2528,3620-MWJNE,0.729638966755896,0
2882,4110-PFEUZ,0.3607626245337906,1
437,0639-TSIQW,0.556437751944051,0
1920,2796-NNUFI,0.9743596288786506,0
4060,5724-BIDBU,0.8756576738771482,0
2452,3511-BFTJW,0.9561594397663189,0
4373,6168-YBYNP,0.5560930992001034,0
4149,5868-CZJDR,0.5865666807295876,0
3791,5331-RGMTT,0.5484775606895012,0
2055,2959-FENLU,0.5202414924405319,0
1653,2402-TAIRZ,0.7147656847662742,0
1941,2817-LVCPP,0.9845734140080492,0
483,0704-VCUMB,0.9846796315674634,0
4638,6543-XRMYR,0.4199065826733207,1
5688,8016-NCFVO,0.5665615486278754,0
3443,4881-JVQOD,0.7107956397946933,0
2505,3583-EKAPL,0.6329815425913692,0
5652,7968-QUXNS,0.8143990859296737,0
5948,8387-UGUSU,0.8157677737391092,0
5224,7353-YOWFP,0.9475292537545287,0
5539,7799-LGRDP,0.9853437656311717,0
1083,1576-PFZIW,0.9166009453158042,0
3592,5091-HFAZW,0.4028172663542232,1
1249,1848-LBZHY,0.7367749559426593,0
861,1251-KRREG,0.6318300771009729,0
6825,9695-IDRZR,0.9497169494806051,0
3613,5127-BZENZ,0.9279953572914214,0
4494,6340-DACFT,0.9847169479601953,0
4576,6457-USBER,0.3824450681296955,1
5148,7244-KXYZN,0.9682715016487161,0
2622,3729-OWRVL,0.9143207485348116,0
4323,6100-FJZDG,0.9681698969511079,0
5051,7103-ZGVNT,0.9560084649909945,0
5428,7639-OPLNG,0.9795892909963828,0
6004,8469-SNFFH,0.9579455217001112,0
7041,9993-LHIEB,0.9628136645564793,0
3204,4589-IUAJB,0.9851698899319491,0
2601,3716-BDVDB,0.3599063627037645,1
6318,8945-GRKHX,0.3782619320458285,1
284,0420-HLGXF,0.4200071299776056,1
92,0148-DCDOS,0.5395697111486005,0
3628,5140-FOMCQ,0.8431584188803556,0
4519,6368-TZZDT,0.9845859477186365,0
2860,4079-VTGLK,0.9458027074384237,0
6416,9087-EYCPR,0.9753808129579505,0
2751,3913-RDSJZ,0.9754896079558596,0
6489,9194-GFVOI,0.980414308275564,0
2008,2897-DOVND,0.3612387087959229,1
4687,6614-YOLAC,0.9599967545817967,0
2080,2987-BJXIK,0.949822968168776,0
6672,9489-JMTTN,0.9812522321512401,0
336,0495-ZBNGW,0.5091068322514009,0
4529,6379-RXJRQ,0.3618103698859708,1
5031,7074-IEVOJ,0.3797191445712571,1
957,1389-WNUIB,0.9337302408574428,0
2133,3063-QFSZL,0.633748344767652,0
1294,1926-QUZNN,0.9852900202205119,0
3712,5222-JCXZT,0.8144614689625773,0
3800,5345-BMKWB,0.8160157848483282,0
1733,2522-AHJXR,0.6753930756072151,0
5865,8242-SOQUO,0.39007734110214154,1
3180,4559-UWIHT,0.3860585326560557,1
3322,4730-AWNAU,0.9512675394006318,0
2501,3577-AMVUX,0.730614954194782,0
6833,9705-ZJBCG,0.9486988117428039,0
793,1157-BQCUW,0.371105579574899,1
3024,4324-AHJKS,0.7454854417634517,0
2019,2911-UREFD,0.63470589503678,0
3021,4323-ELYYB,0.9474265499600752,0
3701,5207-PLSTK,0.6209148701054108,0
254,0379-DJQHR,0.9688141089865443,0
2931,4184-VODJZ,0.7333975312313596,0
3675,5183-KLYEM,0.9483595171720581,0
5201,7319-VENRZ,0.8316198179510812,0
600,0877-SDMBN,0.8373975670113776,0
6631,9424-CMPOG,0.9742873448352276,0
3047,4361-FEBGN,0.9846671728482196,0
980,1422-DGUBX,0.7964645504873898,0
2558,3657-COGMW,0.5669044036562028,0
685,1015-JPFYW,0.9471999329013564,0
1664,2428-HYUNX,0.9845671433913198,0
1990,2876-VBBBL,0.8160157848483282,0
3036,4343-EJVQB,0.3699503086036936,1
3507,4971-PUYQO,0.4095872460476008,1
4429,6243-OZGFH,0.6135034303316544,0
340,0506-LVNGN,0.5001301470852412,0
3719,5231-FIQPA,0.9743389965084372,0
5336,7537-RBWEA,0.5741019379965782,0
5777,8128-YVJRG,0.3802053658971205,1
5184,7294-TMAOP,0.40162632017944033,1
4091,5781-BKHOP,0.9135865740926361,0
376,0562-FGDCR,0.9647440788473636,0
4497,6344-SFJVH,0.6941487228343703,0
2466,3528-HFRIQ,0.7399644602985138,0
2207,3162-KKZXO,0.7473590274871306,0
2038,2931-VUVJN,0.8155556101144177,0
4262,5999-LCXAO,0.5836608427851004,0
6025,8519-IMDHU,0.5208595976285724,0
3974,5599-HVLTW,0.5100352184808219,0
4131,5843-TTHGI,0.6233407476738622,0
1275,1895-QTKDO,0.7264830741190094,0
5521,7776-QWNFX,0.7369350269253476,0
4073,5751-USDBL,0.9665110233618887,0
2169,3097-NQYSN,0.3943082738974839,1
3971,5593-SUAOO,0.8126435346025194,0
2474,3540-RZJYU,0.39302745105048376,1
1114,1626-ERCMM,0.4095872460476008,1
3792,5334-AFQJB,0.9852720619760239,0
6951,9861-PDSZP,0.946425934145554,0
978,1415-YFWLT,0.39914892309509387,1
1082,1575-KRZZE,0.6333650281024858,0
1427,2103-ZRXFN,0.6247933206509001,0
3536,5016-IBERQ,0.38919386327957317,1
3683,5195-KPUNQ,0.8188849371014403,0
4068,5736-YEJAX,0.9796222765454964,0
3518,4988-IQIGL,0.3718765809707032,1
5880,8265-HKSOW,0.9461742311127935,0
5513,7764-BDPEE,0.8167582664163086,0
4191,5919-TMRGD,0.3796219292394247,1
2192,3143-ILDAL,0.5214382141623599,0
1916,2791-SFVEW,0.8820306917696292,0
1372,2037-XJFUP,0.7405185612255467,0
6975,9897-KXHCM,0.38147066466087387,1
5026,7064-JHXCE,0.9846547041552774,0
1582,2305-MRGLV,0.6132700842694545,0
3018,4318-RAJVY,0.9473442502459414,0
1546,2256-YLYLP,0.9785230689556391,0
744,1090-PYKCI,0.8909796842359403,0
1735,2523-EWWZL,0.3733239650733944,1
5007,7033-CLAMM,0.9846734034540711,0
3569,5057-LCOUI,0.6247933206509001,0
3727,5242-UOWHD,0.9744419969492714,0
4825,6789-HJBWG,0.6221770896183241,0
1103,1608-GMEWB,0.5379285590976552,0
1602,2332-EFBJY,0.8153331316690404,0
1937,2812-ENYMO,0.9488592869075898,0
3365,4800-CZMPC,0.8366091815553045,0
1609,2346-CZYIL,0.9846920803207306,0
2350,3370-GQEAL,0.3915514056379241,1
813,1187-WILMM,0.9811990044469221,0
6108,8647-SDTWQ,0.3698541030069088,1
2364,3389-KTRXV,0.9751518093179776,0
6710,9530-EHPOH,0.6305809584334527,0
974,1407-DIGZV,0.974183737648374,0
6288,8898-KASCD,0.9038525941868605,0
3932,5536-SLHPM,0.37651617651647684,1
2703,3845-FXCYS,0.8152709752395058,0
752,1096-ADRUX,0.8011992997546591,0
1538,2249-YPRNG,0.5623383699694717,0
2648,3763-GCZHZ,0.8276517159403927,0
5520,7776-QGYJC,0.6229158006100737,0
4759,6698-OXETB,0.9744522748240623,0
5372,7586-ZATGZ,0.3904702299222612,1
1597,2324-EFHVG,0.9159994676333877,0
5385,7598-UAASY,0.3739035561835199,1
6117,8661-BOYNW,0.9804222327030696,0
22,0027-KWYKW,0.38821307418099626,1
2134,3066-RRJIO,0.3615244903282874,1
5657,7975-JMZNT,0.9815460914240467,0
3555,5038-ETMLM,0.9487221732369778,0
4187,5916-QEWPT,0.7656031219680801,0
1350,2007-QVGAW,0.9845671433913198,0
1399,2070-XYMFH,0.3796219292394247,1
3905,5494-WOZRZ,0.9800382936309331,0
2735,3891-PUQOD,0.6409987394917258,0
1192,1755-RMCXH,0.8160777472055785,0
1656,2405-LBMUW,0.9472948141158462,0
6944,9847-HNVGP,0.9474059864287908,0
5358,7567-ECMCM,0.5090036742311634,0
4284,6034-YMTOB,0.4826581829309283,1
3263,4664-NJCMS,0.9760709785092424,0
5172,7274-CGTOD,0.9728167832048359,0
3211,4607-CHPCA,0.731861301666613,0
2125,3055-OYMSE,0.4965184880260948,1
2157,3090-QFUVD,0.8821594793506147,0
6494,9208-OLGAQ,0.3905684743525034,1
6464,9146-JRIOX,0.8224940448274283,0
3333,4749-OJKQU,0.37245526051592837,1
5061,7114-AEOZE,0.9846297368173825,0
1765,2580-ATZSQ,0.9258425076872439,0
4685,6614-FHDBO,0.9469052640716409,0
3422,4849-PYRLQ,0.978575054835224,0
2479,3547-LQRIK,0.9501925503409228,0
333,0489-WMEMG,0.9133730282438903,0
1904,2773-OVBPK,0.947770132725253,0
3421,4847-TAJYI,0.39924792084830696,1
5525,7780-OTDSO,0.4193034387313451,1
2260,3230-IUALN,0.9665110233618887,0
4697,6621-NRZAK,0.9846484660662548,0
6807,9661-JALZV,0.985224067676807,0
1067,1555-HAPSU,0.985127616458066,0
1001,1450-SKCVI,0.36898871852828474,1
2190,3137-NYQQI,0.8839059293632192,0
2662,3780-YVMFA,0.7519784530125563,0
3982,5609-IMCGG,0.5182837594761074,0
1473,2178-PMGCJ,0.3610482423161203,1
5649,7964-ZRKKG,0.8191530883645758,0
456,0670-ANMUU,0.8848604446656663,0
2539,3638-DIMPH,0.8648986961873949,0
5788,8149-AIQCG,0.4951770870798784,1
3679,5186-SAMNZ,0.4876464458628389,1
4371,6166-YIPFO,0.9618713294283557,0
6666,9481-WHGWY,0.9789355251296602,0
1520,2230-XTUWL,0.9742770023604475,0
6959,9871-ELEYA,0.9775840524718088,0
3156,4526-RMTLL,0.9790712805186558,0
391,0578-SKVMF,0.38733113730248603,1
2657,3776-EKTKM,0.5967381714241404,0
1488,2194-IIQOF,0.9811837693250636,0
1061,1550-EENBN,0.42928485556073226,1
4272,6016-NXBNJ,0.9470759351285493,0
3394,4822-NGOCH,0.3895864306405795,1
2130,3059-NGMXB,0.659766779717184,0
1443,2129-ALKBS,0.8232761093161735,0
4683,6608-QQLVK,0.6243093777572446,0
4734,6668-CNMFP,0.8776933252040119,0
1426,2101-RANCD,0.3675482843897906,1
5953,8393-JMVMB,0.8150221877173289,0
3193,4576-CSAJH,0.9490991094037379,0
6868,9758-MFWGD,0.9059265438407472,0
3921,5519-TEEUH,0.9474881949993206,0
1553,2266-FUBDZ,0.974235591944297,0
1807,2637-FKFSY,0.615752096308412,0
3635,5146-YYFRZ,0.9846422254809094,0
3543,5022-JNQEQ,0.48307046556770294,1
3867,5442-UTCVD,0.4042081524702983,1
4581,6463-MVYRY,0.9779786067736509,0
2085,2990-IAJSV,0.9815908976041353,0
1306,1936-UAFEH,0.9473393751909471,0
6168,8735-NBLWT,0.8162016234233453,0
2122,3050-GBUSH,0.7112197082841487,0
5677,7998-ZLXWN,0.8822881450972351,0
4344,6128-AQBMT,0.630965489877237,0
966,1399-UBQIU,0.6600446921056076,0
3401,4826-TZEVA,0.4985822728893621,1
1101,1600-DILPE,0.7282020903769248,0
5705,8039-EQPIM,0.9762055786412634,0
5370,7580-UGXNC,0.6326938179003618,0
1014,1465-VINDH,0.5547051620077774,0
1767,2582-FFFZR,0.6245029847671937,0
2906,4138-NAXED,0.5113760969399441,0
4728,6656-GULJQ,0.9802870891138015,0
4441,6259-WJQLC,0.5115823718870427,0
5275,7442-YGZFK,0.7359736625512155,0
6278,8883-ANODQ,0.9023916566876962,0
5607,7895-VONWT,0.6199428159491089,0
3670,5176-OLSKT,0.9650012542631178,0
1239,1837-YQUCE,0.9758385055097095,0
6539,9282-IZGQK,0.39066672765850374,1
6271,8874-EJNSR,0.9754204291318934,0
5404,7614-QVWQL,0.9202445557146886,0
5645,7963-GQRMY,0.6122302937453223,0
5100,7164-BPTUT,0.9687219063628112,0
748,1093-YSWCA,0.9845922108144352,0
2395,3423-HHXAO,0.9472205725085406,0
1575,2294-DMMUS,0.7677444106838991,0
4134,5846-ABOBJ,0.9851939930431469,0
6130,8680-CGLTP,0.9192579973231254,0
4207,5940-AHUHD,0.3627640075355908,1
1259,1862-SKORY,0.6023868116845286,0
4680,6599-SFQVE,0.6329815425913692,0
2573,3677-TNKIO,0.49074074589118455,1
3481,4929-XIHVW,0.5412100056640999,0
193,0308-IVGOK,0.9428844001338206,0
5182,7291-CDTMJ,0.8816005189651765,0
1639,2380-DAMQP,0.9173744233738661,0
2918,4160-AMJTL,0.8152709752395058,0
266,0396-UKGAI,0.8209581904903269,0
2799,3982-DQLUS,0.39214158745835703,1
6821,9689-PTNPG,0.38137327661448495,1
4412,6218-KNUBD,0.641473530076256,0
3666,5175-AOBHI,0.61555675488934,0
568,0836-SEYLU,0.7065875463199058,0
453,0666-UXTJO,0.5200354435125787,0
5811,8182-BJDSI,0.4004365340508941,1
5340,7544-ZVIKX,0.8909395836439417,0
5219,7343-EOBEU,0.8201315719248101,0
3835,5386-THSLQ,0.9163746448521894,0
2168,3097-NNSPB,0.7347687935355519,0
6496,9210-IAHGH,0.8389448311489992,0
3026,4325-NFSKC,0.4017255215647133,1
3960,5572-ZDXHY,0.3892919916739216,1
825,1207-BLKSA,0.9749912794550615,0
5562,7833-PKIHD,0.9569364058797091,0
3784,5322-TEUJK,0.9491023624963889,0
275,0406-BPDVR,0.8346247629475729,0
2018,2911-IJORQ,0.961516603398394,0
5697,8028-PNXHQ,0.9851698899319491,0
2303,3296-SILRA,0.3739035561835199,1
4148,5863-OOKCL,0.8142742712825071,0
4983,7009-PCARS,0.9679273231115043,0
1555,2267-FPIMA,0.5389543777358226,0
4403,6207-WIOLX,0.7498462668145889,0
5243,7394-FKDNK,0.39944594105057707,1
2468,3530-VWVGU,0.815581595613796,0
6674,9490-DFPMD,0.3899791411581165,1
1323,1965-DDBWU,0.6374401306596951,0
6484,9184-GALIL,0.8162635372859656,0
5564,7839-NUIAA,0.6421377710668326,0
4560,6427-FEFIG,0.9681208509253361,0
5690,8017-LXHFA,0.4099865764196333,1
5779,8132-YPVBX,0.392535217315928,1
2314,3315-IKYZQ,0.9142507763403742,0
3704,5213-TWWJU,0.5143272039632341,0
5291,7471-MQPOS,0.9557298755764727,0
5289,7470-DYNOE,0.8807345961579833,0
5408,7619-PLRLP,0.932753045115915,0
6011,8490-BXHEO,0.5104478127450844,0
2778,3955-JBZZM,0.3785531996802358,1
1424,2097-YVPKN,0.9755290534536297,0
1621,2361-FJWNO,0.9408964927146741,0
2753,3915-ODIYG,0.8896650695731325,0
3001,4295-YURET,0.9784622628243304,0
5010,7037-MTYVW,0.9805800629671294,0
4956,6979-ZNSFF,0.39470266642355367,1
4359,6143-JQKEA,0.7295072627203303,0
5612,7903-CMPEY,0.38147066466087387,1
1683,2453-SAFNS,0.9270691762334141,0
4973,6994-KERXL,0.63470589503678,0
4175,5902-WBLSE,0.9846671728482196,0
5306,7501-IWUNG,0.9786700428009665,0
530,0780-XNZFN,0.9847293668618087,0
2700,3841-NFECX,0.9413120360735909,0
6897,9795-VOWON,0.9019485476431749,0
3521,4992-LTJNE,0.9616189759113895,0
5079,7136-RVDTZ,0.8662913085282868,0
6428,9102-IAYHT,0.3915514056379241,1
3884,5458-CQJTA,0.9788416938673724,0
2516,3594-KADLU,0.6969995786920751,0
3608,5120-ZBLAI,0.9335768285984956,0
3811,5360-LJCNJ,0.9164746446594274,0
2908,4139-JPIAM,0.8074122197086511,0
6997,9929-PLVPA,0.8822452700475948,0
4550,6416-JNVRK,0.9225463227891079,0
2237,3197-ARFOY,0.5431174896667395,0
63,0107-WESLM,0.8155195038915618,0
3573,5062-CJJKH,0.8741215500695949,0
15,0020-INWCK,0.9103392211634844,0
351,0516-VRYBW,0.968195327587706,0
6092,8630-FJLIB,0.3612387087959229,1
4374,6169-PGNCD,0.9787560379379846,0
6037,8552-OBVRU,0.5420930639675057,0
1250,1849-RJYIG,0.6425170926224362,0
5152,7246-ZGQDF,0.7297203840016667,0
3300,4706-DGAHW,0.6139926864056655,0
1412,2081-KJSQF,0.8160157848483282,0
2585,3696-DFHHB,0.9853199027058648,0
4220,5955-ERIHD,0.4098867326780541,1
4509,6356-ELRKD,0.4116850489489946,1
1181,1734-ZMNTZ,0.9753808129579505,0
2511,3588-WSTTJ,0.41860007555705003,1
2861,4079-WWQQQ,0.9772009934416197,0
168,0269-XFESX,0.9491867753438529,0
2989,4282-YMKNA,0.3707203246813905,1
2265,3237-AJGEH,0.6898041143894229,0
4004,5649-RXQTV,0.41849962204273106,1
2050,2956-GGUCQ,0.3786503083717613,1
2344,3352-RICWQ,0.9743183479733071,0
6687,9501-UKKNL,0.7251373185645068,0
3075,4398-HSCJH,0.7442788302184122,0
5473,7703-ZEKEF,0.38283509480617295,1
230,0356-OBMAC,0.9429102500560071,0
5629,7929-SKFGK,0.9489825918264436,0
3977,5602-BVFMK,0.947137968343237,0
6892,9788-HNGUT,0.9500313995586522,0
772,1122-YJBCS,0.9213582960151615,0
1134,1663-MHLHE,0.8147108391794669,0
5348,7554-AKDQF,0.6148727667633653,0
1994,2880-FPNAE,0.36966172282718446,1
1945,2823-LKABH,0.6488077921254143,0
1915,2790-XUYMV,0.815517282243823,0
5939,8375-DKEBR,0.36085781952794405,1
5932,8357-EQXFO,0.4111852778481381,1
4384,6178-KFNHS,0.37758264933906127,1
5552,7817-BOQPW,0.37226232663037195,1
2992,4285-GYRQC,0.39312592391346524,1
3794,5336-UFNZP,0.7585672235112274,0
3681,5192-EBGOV,0.39204320187775155,1
5297,7480-SPLEF,0.9853794883867361,0
3637,5148-ORICT,0.9646878779936243,0
1110,1623-NLDOT,0.9024081651064116,0
885,1291-CUOCY,0.9474833325324529,0
6380,9040-KZVWO,0.8028378220153254,0
5871,8258-GSTJK,0.3750638233084085,1
5135,7233-DRTRF,0.4253454421621681,1
2911,4140-WJAWW,0.8817727508076123,0
4933,6946-LMSQS,0.7296686144752969,0
5987,8443-ZRDBZ,0.37322740186162207,1
3893,5478-JJVZK,0.6442218254141656,0
608,0895-DQHEW,0.42918373074539795,1
1739,2530-FMFXO,0.9095822640148223,0
5745,8083-YTZES,0.3699503086036936,1
811,1183-CANVH,0.9509989509610928,0
5270,7427-AUFPY,0.9846047294918924,0
6736,9565-FLVCG,0.9435156683174293,0
5663,7980-MHFLQ,0.9753609815377856,0
3788,5327-CNLUQ,0.911111096650946,0
1677,2446-ZKVAF,0.7470486093919271,0
3240,4636-OLWOE,0.9206259577699164,0
1300,1930-WNXSB,0.4061978001756701,1
6034,8547-NSBBO,0.5261742434120491,0
1199,1766-GKNMI,0.3904702299222612,1
3314,4718-WXBGI,0.9815834373275503,0
939,1357-MVDOZ,0.75146868098112,0
6379,9039-ZVJDC,0.814586186451978,0
3348,4774-HHGGS,0.9741733546040892,0
5460,7683-CBDKJ,0.6527836135956635,0
422,0621-HJWXJ,0.5125105593212378,0
1474,2180-DXNEG,0.4124850613208997,1
2438,3489-VSFRD,0.9510950362006102,0
2465,3525-DVKFN,0.9742459506288854,0
4743,6683-VLCTZ,0.4175958454874701,1
2563,3665-JATSN,0.6031774620568091,0
886,1293-BSEUN,0.9745138576037254,0
4691,6616-AALSR,0.9159359254897286,0
2005,2892-GESUL,0.974235591944297,0
1716,2501-XWWTZ,0.3620010106328977,1
4021,5669-SRAIP,0.6027822039575746,0
2202,3156-QLHBO,0.8147731412599889,0
1207,1776-SPBWV,0.9681826147266491,0
1431,2108-XWMPY,0.5947500134460433,0
3086,4423-YLHDV,0.5593901583519183,0
3019,4320-QMLLA,0.6326938179003618,0
1833,2672-HUYVI,0.4027179768475835,1
2866,4083-EUGRJ,0.8160157848483282,0
914,1333-PBMXB,0.9693441217188284,0
3736,5260-UMPWX,0.8821165636977721,0
3861,5439-WIKXB,0.4095872460476008,1
73,0118-JPNOY,0.5212716323922604,0
2888,4115-UMJFQ,0.9099624142682102,0
2611,3721-CNZHX,0.9473442502459414,0
1590,2320-SLKMB,0.8074122197086511,0
6277,8882-TLVRW,0.9533174374170508,0
3665,5174-RNGBH,0.7484202738586554,0
4395,6198-RTPMF,0.40570009677187313,1
637,0931-MHTEM,0.8329659283850408,0
5899,8305-VHZBZ,0.8159538063241012,0
3515,4983-CLMLV,0.663059028131668,0
3571,5060-TQUQN,0.6268826361024724,0
30,0048-LUMLS,0.8225521444981136,0
6400,9065-ZCPQX,0.9795231629799933,0
4554,6418-PIQSP,0.9665110233618887,0
5832,8205-OTCHB,0.9152288513352083,0
2687,3810-PJUHR,0.9754501004747598,0
5734,8069-RHUXK,0.9710147116347088,0
6247,8838-GPHZP,0.9744933460899321,0
853,1237-WIYYZ,0.815146613841261,0
2922,4174-LPGTI,0.9534398370647745,0
6698,9512-UIBFX,0.4107855928119617,1
4789,6733-LRIZX,0.9134110081174925,0
3972,5597-GLBUC,0.3915514056379241,1
211,0326-VDYXE,0.7434423678802728,0
4512,6360-SVNWV,0.49600255759919554,1
2801,3982-XWFZQ,0.6238251864846605,0
4844,6827-IEAUQ,0.9236776610516716,0
5921,8336-TAVKX,0.9794568252105162,0
2482,3551-GAEGL,0.9062777303811762,0
4701,6625-IUTTT,0.9646228974454449,0
2663,3785-KTYSH,0.9753013938056874,0
3716,5228-EXCET,0.3825425606249886,1
3722,5233-GEEAX,0.5826574692133422,0
5710,8043-PNYSD,0.9742770023604475,0
3597,5099-BAILX,0.6777414769600227,0
3131,4488-PSYCG,0.8821165636977721,0
1159,1703-MGIAB,0.7526706599311841,0
5069,7129-AZJDE,0.8073072001566293,0
2938,4191-XOVOM,0.543936768138702,0
4619,6510-UPNKS,0.969356385180261,0
4892,6893-ODYYE,0.8783564173440827,0
713,1051-EQPZR,0.8152088026305858,0
5318,7511-YMXVQ,0.6143839255970103,0
6036,8550-XSXUQ,0.9308913233391115,0
33,0052-YNYOT,0.9476522481354809,0
7032,9975-GPKZU,0.9846172381569582,0
6677,9494-MRNYX,0.3712982685516536,1
6134,8690-UPCZI,0.9543654761177893,0
2544,3640-PHQXK,0.40033743797416765,1
2961,4229-CZMLL,0.37100925045916955,1
4510,6357-JJPQT,0.38186031207638826,1
5891,8286-AFUYI,0.6193591207887768,0
873,1265-XTECC,0.828907071756561,0
4322,6097-EQISJ,0.8357044063872169,0
3992,5628-FCGYG,0.3888995319799433,1
